readout,AUC_mean,AUC_std,Best@10_mean,Best@10_std
Heuristic,1677.7732888888913,70.03696034197681,84.87422777777779,4.135883571376822
LLM-Bad,1631.387522222228,274.4298907446856,86.29944444444486,12.798126488585469
NoPrior,1533.3153833333254,148.33393141773368,80.00692222222177,12.830619720984092
LLM-Good,1442.1742888888857,193.48650360877562,70.35641666666655,10.669993158698121
