{
  "r2": 0.9515391358037896,
  "mae": 0.028356196209880058
}