init_mode,prior,AUC_mean,AUC_std,Best@10_mean,Best@10_std
bad,llm_bad,15.417275395789643,0.2665226418464793,0.7604694545832807,0.053289772847022805
bad,no_prior,10.163509813364664,3.0495592973010988,0.5183672026441322,0.18501535133863936
bad,heuristic,7.283838515234369,0.40472869174220005,0.3014694851920427,0.04918061494880955
bad,llm_good,6.798291409630394,0.6495536590172758,0.29708390342379154,0.060165358377876656
