init_mode,prior,AUC_mean,AUC_std,Best@10_mean,Best@10_std
bad,llm_bad,15.585280382850192,0.32264511649520206,0.7850444351560868,0.049110512414063286
bad,no_prior,8.801040250994431,1.7796679566714741,0.35712704368408804,0.09658918159033605
bad,heuristic,6.7962470952379626,0.33921750933849154,0.2893183596469287,0.02946518510649819
bad,llm_good,6.377210999523417,0.6445296426984538,0.263680740828024,0.05142250619073047
