init_mode,prior,AUC_mean,AUC_std,Best@10_mean,Best@10_std
bad,llm_good,8980.020851512976,435.16094907048233,455.87596359576287,8.294052938791319
bad,heuristic,7601.830455452371,1675.6287346462045,419.7006218713129,98.11341665206221
bad,no_prior,6145.20970332086,2645.8255074309013,315.29460957432156,147.60800759949527
bad,llm_bad,3275.2373529532997,859.3315746092172,169.45226157008665,43.006319666713004
