init_mode,prior,AUC_mean,AUC_std,Best@10_mean,Best@10_std
bad,llm_good,1028.709236111112,11.848187114844265,52.64833333333329,0.4672118343408969
bad,heuristic,991.4246527777783,24.372873932512128,51.185305555555544,0.2330957206151714
bad,llm_bad,923.6102499999987,60.25421841671643,50.833666666666566,1.197149531178232
bad,no_prior,864.0387361111108,140.44221216586,41.47974999999998,14.163523871247175
