init_mode,prior,AUC_mean,AUC_std,Best@10_mean,Best@10_std
random,heuristic,1099.8461527777772,14.360853622426538,55.07491666666662,0.6426607145152821
random,llm_bad,1098.6572638888872,15.676292679239825,55.027638888888866,0.6606340418046167
random,no_prior,1096.8910138888864,14.71887095455365,54.92686111111097,0.639702118297372
random,llm_good,1094.024819444443,18.37801848691651,54.69916666666659,0.9203987561758177
