readout,AUC_mean,AUC_std,Best@10_mean,Best@10_std
NoPrior,1087.0870208333336,14.233579185141586,54.35910416666667,0.7268634191658639
LLM-Bad,1065.2745833333338,22.49791502299649,53.26372916666669,1.1248957511498219
LLM-Good,1053.4006250000007,27.62822627352079,52.699229166666704,1.3434332725890652
Heuristic,1045.5903020833334,11.52624378907957,52.2669375,0.5932587613337598
